<?xml version="1.0" encoding="UTF-8"?><font><info face="minecraft-enchantment" size="72" bold="0" italic="0" charset="" unicode="1" stretchH="100" smooth="1" aa="1" padding="1,1,1,1" spacing="1,1"/><common lineHeight="72" base="63" scaleW="437" scaleH="437" pages="1" packed="0"/><pages><page id="0" file="narrator_font.png"/></pages><chars count="91"><char id="32" x="0" y="0" width="0" height="0" xoffset="0" yoffset="0" xadvance="18" page="0" chnl="15"/><!--   --><char id="33" x="405" y="210" width="11" height="47" xoffset="-1" yoffset="17" xadvance="18" page="0" chnl="15"/><!-- ! --><char id="34" x="0" y="410" width="29" height="20" xoffset="-1" yoffset="17" xadvance="36" page="0" chnl="15"/><!-- " --><char id="35" x="306" y="96" width="36" height="52" xoffset="0" yoffset="22" xadvance="36" page="0" chnl="15"/><!-- # --><char id="36" x="131" y="372" width="29" height="65" xoffset="-1" yoffset="-1" xadvance="36" page="0" chnl="15"/><!-- $ --><char id="37" x="228" y="342" width="38" height="56" xoffset="-1" yoffset="8" xadvance="45" page="0" chnl="15"/><!-- % --><char id="38" x="75" y="57" width="55" height="52" xoffset="1" yoffset="22" xadvance="57" page="0" chnl="15"/><!-- & --><char id="39" x="30" y="410" width="11" height="20" xoffset="-1" yoffset="26" xadvance="18" page="0" chnl="15"/><!-- ' --><char id="40" x="345" y="171" width="29" height="56" xoffset="-1" yoffset="8" xadvance="36" page="0" chnl="15"/><!-- ( --><char id="41" x="345" y="228" width="29" height="56" xoffset="-1" yoffset="8" xadvance="36" page="0" chnl="15"/><!-- ) --><char id="42" x="131" y="324" width="47" height="47" xoffset="-1" yoffset="17" xadvance="54" page="0" chnl="15"/><!-- * --><char id="43" x="375" y="48" width="29" height="29" xoffset="-1" yoffset="26" xadvance="36" page="0" chnl="15"/><!-- + --><char id="44" x="75" y="425" width="47" height="11" xoffset="-1" yoffset="53" xadvance="54" page="0" chnl="15"/><!-- , --><char id="45" x="267" y="423" width="29" height="11" xoffset="-1" yoffset="35" xadvance="36" page="0" chnl="15"/><!-- - --><char id="46" x="0" y="398" width="56" height="11" xoffset="-1" yoffset="53" xadvance="63" page="0" chnl="15"/><!-- . --><char id="47" x="267" y="0" width="38" height="56" xoffset="-1" yoffset="8" xadvance="45" page="0" chnl="15"/><!-- / --><char id="48" x="267" y="57" width="38" height="47" xoffset="-1" yoffset="17" xadvance="45" page="0" chnl="15"/><!-- 0 --><char id="49" x="345" y="285" width="29" height="47" xoffset="-1" yoffset="17" xadvance="36" page="0" chnl="15"/><!-- 1 --><char id="50" x="267" y="105" width="38" height="47" xoffset="-1" yoffset="17" xadvance="45" page="0" chnl="15"/><!-- 2 --><char id="51" x="267" y="153" width="38" height="47" xoffset="-1" yoffset="17" xadvance="45" page="0" chnl="15"/><!-- 3 --><char id="52" x="267" y="201" width="38" height="47" xoffset="-1" yoffset="17" xadvance="45" page="0" chnl="15"/><!-- 4 --><char id="53" x="267" y="249" width="38" height="47" xoffset="-1" yoffset="17" xadvance="45" page="0" chnl="15"/><!-- 5 --><char id="54" x="267" y="297" width="38" height="47" xoffset="-1" yoffset="17" xadvance="45" page="0" chnl="15"/><!-- 6 --><char id="55" x="267" y="345" width="38" height="47" xoffset="-1" yoffset="17" xadvance="45" page="0" chnl="15"/><!-- 7 --><char id="56" x="306" y="0" width="38" height="47" xoffset="-1" yoffset="17" xadvance="45" page="0" chnl="15"/><!-- 8 --><char id="57" x="306" y="48" width="38" height="47" xoffset="-1" yoffset="17" xadvance="45" page="0" chnl="15"/><!-- 9 --><char id="58" x="375" y="406" width="11" height="29" xoffset="-1" yoffset="26" xadvance="18" page="0" chnl="15"/><!-- : --><char id="59" x="405" y="114" width="20" height="47" xoffset="-1" yoffset="17" xadvance="27" page="0" chnl="15"/><!-- ; --><char id="61" x="267" y="393" width="38" height="29" xoffset="-1" yoffset="26" xadvance="45" page="0" chnl="15"/><!-- = --><char id="63" x="131" y="171" width="47" height="56" xoffset="-1" yoffset="8" xadvance="54" page="0" chnl="15"/><!-- ? --><char id="64" x="228" y="399" width="38" height="38" xoffset="-1" yoffset="26" xadvance="45" page="0" chnl="15"/><!-- @ --><char id="65" x="228" y="0" width="38" height="56" xoffset="-1" yoffset="8" xadvance="45" page="0" chnl="15"/><!-- A --><char id="66" x="0" y="224" width="65" height="56" xoffset="-1" yoffset="8" xadvance="72" page="0" chnl="15"/><!-- B --><char id="67" x="375" y="292" width="20" height="56" xoffset="-1" yoffset="8" xadvance="27" page="0" chnl="15"/><!-- C --><char id="68" x="0" y="57" width="74" height="56" xoffset="-1" yoffset="8" xadvance="81" page="0" chnl="15"/><!-- D --><char id="69" x="228" y="57" width="38" height="56" xoffset="-1" yoffset="8" xadvance="45" page="0" chnl="15"/><!-- E --><char id="70" x="0" y="311" width="65" height="29" xoffset="-1" yoffset="26" xadvance="72" page="0" chnl="15"/><!-- F --><char id="71" x="375" y="349" width="20" height="56" xoffset="-1" yoffset="8" xadvance="27" page="0" chnl="15"/><!-- G --><char id="72" x="75" y="338" width="47" height="56" xoffset="-1" yoffset="8" xadvance="54" page="0" chnl="15"/><!-- H --><char id="73" x="426" y="0" width="11" height="56" xoffset="-1" yoffset="8" xadvance="18" page="0" chnl="15"/><!-- I --><char id="74" x="405" y="162" width="11" height="47" xoffset="-1" yoffset="17" xadvance="18" page="0" chnl="15"/><!-- J --><char id="75" x="132" y="0" width="47" height="56" xoffset="-1" yoffset="8" xadvance="54" page="0" chnl="15"/><!-- K --><char id="76" x="375" y="0" width="29" height="47" xoffset="-1" yoffset="17" xadvance="36" page="0" chnl="15"/><!-- L --><char id="77" x="228" y="114" width="38" height="56" xoffset="-1" yoffset="8" xadvance="45" page="0" chnl="15"/><!-- M --><char id="78" x="306" y="377" width="29" height="56" xoffset="-1" yoffset="8" xadvance="36" page="0" chnl="15"/><!-- N --><char id="79" x="228" y="171" width="38" height="56" xoffset="-1" yoffset="8" xadvance="45" page="0" chnl="15"/><!-- O --><char id="80" x="345" y="0" width="29" height="56" xoffset="-1" yoffset="8" xadvance="36" page="0" chnl="15"/><!-- P --><char id="81" x="131" y="57" width="47" height="56" xoffset="-1" yoffset="8" xadvance="54" page="0" chnl="15"/><!-- Q --><char id="82" x="75" y="0" width="56" height="56" xoffset="-1" yoffset="8" xadvance="63" page="0" chnl="15"/><!-- R --><char id="83" x="345" y="57" width="29" height="56" xoffset="-1" yoffset="8" xadvance="36" page="0" chnl="15"/><!-- S --><char id="84" x="228" y="228" width="38" height="56" xoffset="-1" yoffset="8" xadvance="45" page="0" chnl="15"/><!-- T --><char id="85" x="180" y="30" width="47" height="29" xoffset="-1" yoffset="26" xadvance="54" page="0" chnl="15"/><!-- U --><char id="86" x="131" y="114" width="47" height="56" xoffset="-1" yoffset="8" xadvance="54" page="0" chnl="15"/><!-- V --><char id="87" x="180" y="60" width="47" height="29" xoffset="-1" yoffset="35" xadvance="54" page="0" chnl="15"/><!-- W --><char id="88" x="228" y="285" width="38" height="56" xoffset="-1" yoffset="8" xadvance="45" page="0" chnl="15"/><!-- X --><char id="89" x="345" y="114" width="29" height="56" xoffset="-1" yoffset="8" xadvance="36" page="0" chnl="15"/><!-- Y --><char id="90" x="131" y="276" width="47" height="47" xoffset="-1" yoffset="17" xadvance="54" page="0" chnl="15"/><!-- Z --><char id="91" x="405" y="0" width="20" height="56" xoffset="-1" yoffset="8" xadvance="27" page="0" chnl="15"/><!-- [ --><char id="93" x="405" y="57" width="20" height="56" xoffset="-1" yoffset="8" xadvance="27" page="0" chnl="15"/><!-- ] --><char id="94" x="375" y="78" width="29" height="20" xoffset="-1" yoffset="35" xadvance="36" page="0" chnl="15"/><!-- ^ --><char id="95" x="0" y="431" width="40" height="5" xoffset="-2" yoffset="84" xadvance="36" page="0" chnl="15"/><!-- _ --><char id="97" x="180" y="90" width="38" height="56" xoffset="-1" yoffset="8" xadvance="45" page="0" chnl="15"/><!-- a --><char id="98" x="0" y="167" width="65" height="56" xoffset="-1" yoffset="8" xadvance="72" page="0" chnl="15"/><!-- b --><char id="99" x="345" y="381" width="20" height="56" xoffset="-1" yoffset="8" xadvance="27" page="0" chnl="15"/><!-- c --><char id="100" x="0" y="0" width="74" height="56" xoffset="-1" yoffset="8" xadvance="81" page="0" chnl="15"/><!-- d --><char id="101" x="180" y="147" width="38" height="56" xoffset="-1" yoffset="8" xadvance="45" page="0" chnl="15"/><!-- e --><char id="102" x="0" y="281" width="65" height="29" xoffset="-1" yoffset="26" xadvance="72" page="0" chnl="15"/><!-- f --><char id="103" x="375" y="235" width="20" height="56" xoffset="-1" yoffset="8" xadvance="27" page="0" chnl="15"/><!-- g --><char id="104" x="75" y="110" width="47" height="56" xoffset="-1" yoffset="8" xadvance="54" page="0" chnl="15"/><!-- h --><char id="105" x="161" y="372" width="11" height="56" xoffset="-1" yoffset="8" xadvance="18" page="0" chnl="15"/><!-- i --><char id="106" x="426" y="114" width="11" height="47" xoffset="-1" yoffset="17" xadvance="18" page="0" chnl="15"/><!-- j --><char id="107" x="75" y="167" width="47" height="56" xoffset="-1" yoffset="8" xadvance="54" page="0" chnl="15"/><!-- k --><char id="108" x="345" y="333" width="29" height="47" xoffset="-1" yoffset="17" xadvance="36" page="0" chnl="15"/><!-- l --><char id="109" x="180" y="204" width="38" height="56" xoffset="-1" yoffset="8" xadvance="45" page="0" chnl="15"/><!-- m --><char id="110" x="306" y="149" width="29" height="56" xoffset="-1" yoffset="8" xadvance="36" page="0" chnl="15"/><!-- n --><char id="111" x="180" y="261" width="38" height="56" xoffset="-1" yoffset="8" xadvance="45" page="0" chnl="15"/><!-- o --><char id="112" x="306" y="206" width="29" height="56" xoffset="-1" yoffset="8" xadvance="36" page="0" chnl="15"/><!-- p --><char id="113" x="75" y="224" width="47" height="56" xoffset="-1" yoffset="8" xadvance="54" page="0" chnl="15"/><!-- q --><char id="114" x="0" y="341" width="56" height="56" xoffset="-1" yoffset="8" xadvance="63" page="0" chnl="15"/><!-- r --><char id="115" x="306" y="263" width="29" height="56" xoffset="-1" yoffset="8" xadvance="36" page="0" chnl="15"/><!-- s --><char id="116" x="180" y="318" width="38" height="56" xoffset="-1" yoffset="8" xadvance="45" page="0" chnl="15"/><!-- t --><char id="117" x="75" y="395" width="47" height="29" xoffset="-1" yoffset="26" xadvance="54" page="0" chnl="15"/><!-- u --><char id="118" x="75" y="281" width="47" height="56" xoffset="-1" yoffset="8" xadvance="54" page="0" chnl="15"/><!-- v --><char id="119" x="180" y="0" width="47" height="29" xoffset="-1" yoffset="35" xadvance="54" page="0" chnl="15"/><!-- w --><char id="120" x="180" y="375" width="38" height="56" xoffset="-1" yoffset="8" xadvance="45" page="0" chnl="15"/><!-- x --><char id="121" x="306" y="320" width="29" height="56" xoffset="-1" yoffset="8" xadvance="36" page="0" chnl="15"/><!-- y --><char id="122" x="131" y="228" width="47" height="47" xoffset="-1" yoffset="17" xadvance="54" page="0" chnl="15"/><!-- z --><char id="123" x="375" y="167" width="23" height="67" xoffset="8" yoffset="21" xadvance="35" page="0" chnl="15"/><!-- { --><char id="124" x="426" y="57" width="11" height="56" xoffset="-1" yoffset="8" xadvance="18" page="0" chnl="15"/><!-- | --><char id="125" x="375" y="99" width="24" height="67" xoffset="4" yoffset="21" xadvance="35" page="0" chnl="15"/><!-- } --><char id="8470" x="0" y="114" width="69" height="52" xoffset="-1" yoffset="22" xadvance="69" page="0" chnl="15"/><!-- № --></chars></font>